id,x0,x1,x2,x3,x4,x5,x6,x7,x8,x9,x10,x11,x12,x13,x14,x15,x16,x17,x18,x19
133,0.44951199999999997,-1.247226,0.413178,0.30378099999999997,-0.123848,-0.184227,-0.21907600000000002,0.26853699999999997,0.015996,-0.789267,-0.33736,-0.728193,-0.442587,-0.272757,-0.6080180000000001,-0.577235,-0.5011260000000001,0.143371,-0.46643100000000004,-0.5541020000000001
273,-1.245485,-0.842317,-1.255026,-1.038066,-0.42630100000000004,-1.088781,-0.976392,-0.898898,0.9834959999999999,0.045702,-0.49363900000000005,0.34862,-0.552483,-0.526877,2.253098,-0.82762,-0.7807390000000001,-0.37699699999999997,-0.310239,0.17630099999999999
175,-1.549664,-1.126219,-1.5466520000000001,-1.216392,-0.35442399999999996,-1.167051,-1.114873,-1.2618200000000002,-0.32719299999999996,0.6297550000000001,-0.6668810000000001,-0.779358,-0.708418,-0.637545,0.7103689999999999,-0.976454,-1.057501,-1.9134470000000001,0.795207,-0.149751
551,-0.851273,0.733108,-0.843535,-0.786363,-0.049836,-0.42453199999999996,-0.509221,-0.679649,0.797298,0.385927,-0.451772,0.45385200000000003,-0.431696,-0.49475399999999997,-1.182041,0.28122800000000003,0.084759,-0.25242,1.038575,0.351054
199,0.091654,0.21649899999999997,0.10383900000000001,-0.034667,0.16793,0.308132,0.366614,0.280661,0.505223,0.264013,-0.707304,-1.026834,-0.702973,-0.460212,-0.999033,-0.531406,-0.39436,-0.72883,-0.644416,-0.6880029999999999
274,1.080023,1.20783,0.956888,0.978402,-0.555822,-0.645696,-0.399365,-0.038153,-0.998966,-1.091216,0.057848000000000004,0.392164,-0.050026999999999995,0.12041400000000001,-0.5323479999999999,-0.770613,-0.519694,-0.531097,-0.769127,-0.394858
420,-0.7263069999999999,-0.05809500000000001,-0.7319100000000001,-0.697343,-0.7757229999999999,-0.513983,-0.426233,-0.893482,0.800949,-0.018090000000000002,-0.42867299999999997,0.40486500000000003,-0.32675,-0.44085,0.07901,-0.279903,0.41699200000000003,-0.48616499999999996,-0.22548400000000002,-0.17244600000000002
76,-0.169639,-1.9430189999999998,-0.167192,-0.27215,2.3299369999999997,0.006804000000000001,-0.251467,0.429234,2.1591,0.5120939999999999,0.017786,-0.368046,-0.105966,-0.169129,2.11976,0.162743,-0.672216,-0.577002,0.626908,0.896114
315,-0.46501400000000004,-0.567723,-0.526371,-0.49285200000000007,-0.8006310000000001,-1.250816,-1.058714,-1.0961450000000001,-2.1782209999999997,-0.8601469999999999,-0.8430110000000001,-0.9103530000000001,-0.90049,-0.608283,-0.7043550000000001,-1.255622,-0.9706290000000001,-1.363557,-0.800607,-0.9270579999999999
399,-0.660984,-0.47231300000000004,-0.688248,-0.634204,-0.390718,-0.7963600000000001,-0.75668,-0.8393139999999999,0.129175,-0.369656,-0.221505,-0.139439,-0.317344,-0.336122,-0.526014,-0.326291,-0.368166,-1.0378399999999999,-0.698901,-0.273818
238,0.026330000000000003,1.9920509999999998,0.02393,-0.088136,-1.005588,-0.008357,0.26994,-0.124821,-1.714551,-0.213719,-0.251822,2.0087450000000002,-0.376748,-0.22831300000000002,-0.24466999999999997,0.166096,0.219045,-0.273508,-1.052451,-0.07788300000000001
246,-0.263364,-0.432753,-0.322891,-0.322206,-1.7229349999999999,-1.1200510000000001,-0.570489,-0.9767959999999999,-1.1851639999999999,-0.9140159999999999,-0.87405,0.696974,-0.986625,-0.589142,-0.260004,-0.5470550000000001,-0.036596,-1.040273,-0.111671,-0.5843619999999999
253,0.9010940000000001,-0.5142,0.8662700000000001,0.777324,0.31595500000000004,-0.004567,0.47458599999999995,0.892752,0.005043,-0.945203,-0.346022,-0.653261,-0.333185,-0.147567,-0.761357,-0.583942,-0.284279,0.133639,-0.799396,-0.541998
550,-0.9279569999999999,0.509709,-0.966282,-0.8372729999999999,-1.569218,-1.1763370000000002,-1.114873,-1.2618200000000002,-0.5499,-0.47030600000000006,-0.320758,0.158114,-0.371797,-0.432709,0.8460409999999999,-0.806941,-1.057501,-1.9134470000000001,1.149967,-0.592683
208,-0.288925,0.756379,-0.203852,-0.356904,0.273255,0.8330879999999999,-0.021963,0.054189,0.140128,1.4604709999999999,-0.765413,-0.534421,-0.680696,-0.555479,-0.596684,0.27563899999999997,-0.21995399999999998,-0.566458,0.556683,0.152472
185,-1.1494879999999998,-0.9726319999999999,-1.161936,-0.959569,-0.26261999999999996,-1.087644,-1.0948229999999999,-1.199811,-0.39655999999999997,-0.328545,0.069759,0.092797,-0.09210499999999999,-0.30598000000000003,2.449773,-0.753287,-1.004549,-1.523495,0.585742,-0.122895
156,1.00902,0.337507,1.047507,0.87829,1.077425,1.178005,1.2140739999999999,1.456866,0.581892,-0.161268,1.4658010000000001,0.332291,1.323683,1.178696,0.665367,1.344806,0.668654,1.072832,-0.334455,0.443725
0,1.097064,-2.0733349999999997,1.2699340000000001,0.984375,1.568466,3.283515,2.652874,2.532475,2.217515,2.255747,2.489734,-0.565265,2.833031,2.487578,-0.214002,1.316862,0.7240260000000001,0.66082,1.148757,0.907083
70,1.3668770000000001,0.470149,1.302886,1.351264,-0.44622700000000004,-0.027308999999999996,0.241064,0.78906,-0.838325,-1.160679,1.384594,-0.760851,1.296951,1.2257799999999999,-0.8656950000000001,-0.5006659999999999,-0.305168,0.308825,-0.809083,-0.793157
293,-0.646783,-0.425771,-0.676715,-0.631929,-0.899551,-0.9081739999999999,-0.777395,-0.673717,0.231402,-0.800607,-0.715245,0.038367,-0.8079189999999999,-0.582101,0.18468099999999998,-0.5856180000000001,-0.589324,-0.5220130000000001,-0.317504,-0.760627
287,-0.351408,-1.435719,-0.415157,-0.39529899999999996,-1.907966,-1.270715,-0.8311299999999999,-0.959772,-1.732806,-0.990566,-0.9094200000000001,-1.356863,-0.866828,-0.608503,-0.7700239999999999,-0.672247,-0.5097470000000001,-0.955599,-0.5269699999999999,-0.6482859999999999
222,-1.1210870000000002,-0.409482,-1.105917,-0.972083,0.693131,-0.366161,-0.8929010000000001,-0.7678649999999999,0.359185,0.890594,-0.571959,0.000266,-0.606442,-0.556359,0.286019,-0.641508,-0.774539,-0.676761,0.705609,-0.012824
262,0.8982540000000001,0.6609689999999999,0.9239360000000001,0.8330690000000001,-0.45334399999999997,0.43510699999999997,0.102583,0.674535,1.082072,-1.156426,1.550617,0.755033,1.6236709999999999,1.113351,-0.10799700000000001,1.9187919999999998,0.480322,1.572438,0.8387959999999999,0.772804
309,-0.30596599999999996,-1.26817,-0.38138099999999997,-0.353491,-0.913784,-1.269578,-1.057635,-1.0340850000000001,-1.309296,-1.079875,-0.02769,-0.704607,-0.148043,-0.161208,-0.9643649999999999,-1.160666,-0.963633,-1.131435,-0.765494,-0.575662
534,-0.8995559999999999,-0.388538,-0.8723690000000001,-0.822768,0.036274,-0.129268,-0.45410500000000004,-0.542683,-0.70324,0.181792,-0.918443,0.664316,-0.842076,-0.6654869999999999,0.82004,0.463987,0.40174,0.269895,-0.8865729999999999,-0.098687
54,0.27626300000000004,0.635371,0.21793600000000002,0.164705,-0.41278000000000004,-0.635462,-0.45536000000000004,-0.401848,-0.7141930000000001,-0.8445530000000001,-0.34169099999999997,-0.694809,-0.380708,-0.22941399999999998,-0.7886920000000001,-0.848299,-0.525994,-0.41755,-1.1614209999999998,-0.819256
172,0.378508,-1.721948,0.43377299999999996,0.23324699999999998,2.087974,0.9695389999999999,1.436297,1.56778,0.563638,1.1188280000000002,0.056764999999999996,-1.013408,-0.030226,0.094672,-0.549349,-0.12676500000000002,0.369246,0.22771999999999998,-0.317504,0.141124
484,0.455192,-1.8638990000000002,0.44613,0.262542,0.565034,0.48438100000000006,0.380424,0.34024499999999996,-0.10083400000000001,-0.029431,-0.87405,-1.505458,-0.852967,-0.582321,-0.335673,-0.40677199999999997,0.048618,-0.18267,-1.064558,-0.582092
102,-0.5530579999999999,0.28631100000000004,-0.607516,-0.557982,-1.155035,-1.2121549999999999,-0.815688,-0.805266,-0.265127,-0.854476,-0.767939,0.642544,-0.833166,-0.5645,-0.653686,-1.0831469999999999,-0.703052,-0.810908,-0.735225,-0.8559459999999999
458,-0.32016700000000003,1.359089,-0.3855,-0.38306999999999997,-0.9016860000000001,-1.0160069999999999,-0.96346,-0.80733,-0.527994,-1.17769,-0.5163770000000001,0.027481000000000002,-0.598521,-0.42126800000000003,-0.329006,-0.922409,-0.869136,-0.8856870000000001,-1.016127,-0.8627549999999999
495,0.21094000000000002,0.21417199999999997,0.170979,0.073978,-0.034891000000000005,-0.395915,-0.25812199999999996,0.01524,-1.1851639999999999,-0.753827,-0.6239319999999999,0.760476,-0.628718,-0.406967,-0.5420149999999999,-0.657716,-0.34363,0.005493,-0.115303,-0.7500359999999999
158,-0.58714,-1.524147,-0.623168,-0.586707,-0.23130799999999999,-0.9841690000000001,-0.867289,-0.755484,-0.809117,-0.5284270000000001,-0.8047529999999999,-0.886041,-0.8391059999999999,-0.595962,-0.504347,-0.876859,-0.7809050000000001,-0.895906,-0.713431,-0.47845200000000004
160,-0.675185,0.207191,-0.6536489999999999,-0.668618,0.892395,0.184948,-0.255736,-0.297641,0.662213,0.24558400000000002,0.34875100000000003,0.863894,0.5247029999999999,-0.043939,0.797373,-0.079818,0.324152,-0.044792,1.6258059999999999,0.47890299999999997
292,-0.334368,-0.7608689999999999,-0.36367,-0.40155599999999997,0.294605,-0.4721,-0.342114,-0.39256199999999997,-0.297985,0.26968400000000003,-0.7065819999999999,-0.822358,-0.809404,-0.49871400000000005,0.5613630000000001,-0.304494,-0.28328400000000004,-0.077234,0.69108,0.352188
493,-0.47353500000000004,-1.503204,-0.541199,-0.5050819999999999,-1.611206,-1.211208,-1.024816,-0.9654469999999999,-0.7251449999999999,-0.378161,-0.279974,0.488324,-0.375263,-0.34624299999999997,1.116386,-0.863389,-0.844765,-0.6328020000000001,0.986511,0.38812199999999997
394,-0.5757800000000001,-0.365268,-0.572504,-0.593533,0.46540200000000004,-0.128131,-0.514369,-0.403912,0.45776000000000006,-0.168356,-0.436974,0.789506,-0.493575,-0.398607,0.36835500000000004,-0.5124029999999999,-0.446417,-0.694766,-0.047499,-0.755332
528,-0.053194000000000005,-1.424083,-0.06833600000000001,-0.17260599999999998,2.023925,-0.128699,0.153179,0.44445200000000007,0.600147,0.251255,0.5086390000000001,2.5730060000000003,0.606383,0.096872,0.999714,0.39077199999999995,0.521768,2.714394,-0.410734,0.655546
335,0.832931,0.39801,0.816841,0.750021,1.105891,0.02386,0.778417,1.300555,-0.308938,-0.29594000000000004,1.483125,1.6549479999999999,1.589019,1.030404,-0.19533399999999998,-0.419626,0.43522799999999995,0.915489,-0.27270500000000003,-0.023415000000000002
311,0.137096,-0.8376620000000001,0.029285000000000002,0.028472000000000004,-1.4361389999999998,-1.311272,-0.9332020000000001,-0.777667,-0.655777,-1.452705,-0.321841,-0.554016,-0.45149700000000004,-0.251635,-0.67002,-1.087451,-0.88094,-0.887634,-0.678318,-1.096968
25,0.8556520000000001,-0.672441,0.9898399999999999,0.733241,1.582699,2.335941,1.68363,2.351917,4.484751,1.606484,2.3128830000000002,-0.43699099999999996,2.183056,1.5635059999999998,0.329354,0.699282,0.179919,1.974718,0.307261,1.380276
522,-0.8143520000000001,0.125743,-0.8513620000000001,-0.758776,-0.8006310000000001,-1.1410870000000002,-1.0512569999999999,-1.1157219999999999,-0.637523,0.089648,-0.977273,-0.242856,-0.9330629999999999,-0.6821649999999999,-0.947031,-1.0942129999999999,-0.9299790000000001,-1.254065,-0.686793,-0.567341
512,-0.20656100000000002,0.28631100000000004,-0.137124,-0.27926,1.013376,0.806556,0.6993199999999999,0.846065,1.1112790000000001,1.481735,-0.05259400000000001,-0.519362,0.11234300000000001,-0.14668699999999998,-0.5423479999999999,-0.158063,0.08707999999999999,0.250429,-0.422842,0.07946900000000001
230,0.830091,-0.048787,0.8827459999999999,0.6829,1.2624549999999999,1.001757,1.2831270000000001,1.5497239999999999,1.166043,0.064131,-0.394386,-0.975851,-0.352986,-0.18387,-0.503013,-0.301699,-0.044554,0.331534,-1.062137,-0.551832
548,-1.262242,0.011717,-1.2735610000000002,-1.0500120000000002,-0.814864,-1.024157,-0.8214629999999999,-1.01381,-0.845627,-0.063453,-0.395108,0.26516,-0.401994,-0.486174,0.133012,-0.796322,-0.282621,-0.353802,0.18012899999999998,0.135829
213,0.935176,1.4591530000000001,0.928055,0.8336370000000001,0.301721,0.194424,0.996873,0.439809,-1.838683,-0.586549,0.449087,0.816721,0.44599300000000003,0.400275,8.029999,3.357389,3.7104790000000003,4.456526,0.146227,3.315409
390,-1.098366,-1.645155,-1.079967,-0.947908,0.256176,-0.548095,-0.873441,-0.7541939999999999,-0.042419,0.410026,-0.7726310000000001,-1.2140739999999999,-0.751486,-0.626104,-0.45301099999999994,-0.6610689999999999,-0.775799,-0.789497,-0.140729,-0.5385939999999999
275,-0.635423,-0.449042,-0.64953,-0.623681,1.8602450000000001,-0.6110140000000001,-0.370489,0.647967,0.742534,-0.5737909999999999,0.851874,1.9525,0.571731,0.187079,2.37977,-0.591766,-0.637401,1.184757,0.755252,-0.299917
219,1.534446,3.067156,1.4841229999999999,1.615766,-0.865392,0.164101,0.322671,0.45012700000000005,-1.40057,-1.370484,1.2055770000000001,0.188958,0.918747,1.5305030000000002,-0.50068,0.05375800000000001,-0.174198,-0.164827,-0.8744649999999999,-0.582092
236,2.579618,1.7872689999999998,2.5344729999999998,2.88708,-0.0904,1.210223,1.3333469999999998,1.928896,0.355534,0.041449,2.356193,-0.45966999999999997,2.1687,2.540382,-0.204335,0.176156,0.433571,0.8700700000000001,-0.562083,-0.28062600000000004
336,-0.32300700000000004,-1.177414,-0.32495100000000005,-0.39985,-0.123848,-0.088901,-0.645568,-0.720662,-0.582759,1.3584040000000002,-0.8076399999999999,-1.044433,-0.962418,-0.57044,-0.603351,-0.135708,-0.025323,-0.726884,-0.502754,0.720983
20,-0.297446,-0.833008,-0.261106,-0.38363800000000003,0.792763,0.429422,-0.541362,-0.45962700000000006,0.567289,0.753087,-0.793925,-0.8512059999999999,-0.73416,-0.56472,-0.981366,-0.363178,-0.49449399999999993,-0.860707,-0.455534,-0.5181680000000001
193,-0.507616,1.7616720000000001,-0.44563800000000003,-0.504797,0.500985,0.586719,0.247342,-0.08509800000000001,0.479666,0.9317049999999999,0.000462,1.074358,-0.11091600000000001,-0.129746,0.685701,0.7249909999999999,0.190198,0.22934200000000002,-0.213376,0.710014
200,-0.538858,0.062913,-0.553145,-0.551441,-0.035602999999999996,-0.44481000000000004,-0.589196,-0.202461,0.6111,-0.378161,-0.186856,0.19802899999999998,-0.276256,-0.28815799999999997,0.15768,-0.429687,-0.592971,-0.06425700000000001,-0.667421,-0.172825
83,1.41232,1.629029,1.529432,1.356952,1.789079,1.416794,1.317025,2.527316,-0.648476,1.338557,0.410829,3.07195,1.4528860000000001,0.58883,0.168014,1.957356,-0.34993,1.076077,1.212928,2.4946040000000003
376,-1.0103209999999998,0.21649899999999997,-0.8987299999999999,-0.9004120000000001,-0.400681,1.1685299999999998,1.7476610000000001,0.27060100000000004,1.374147,3.07654,-1.059924,0.025667000000000002,-0.24903000000000003,-0.728456,0.48602700000000004,2.847676,4.032102,2.821453,-0.529391,3.179239
295,-0.101476,-1.4008129999999999,-0.16101400000000002,-0.20531300000000002,-0.311725,-0.7984439999999999,-0.9814139999999999,-0.767349,-0.8018149999999999,-0.521339,-0.671573,-0.9475469999999999,-0.6866369999999999,-0.497174,-0.8976959999999999,-0.9682940000000001,-0.9158540000000001,-0.805718,0.1208,-0.7538189999999999
77,1.114105,-0.730617,1.162839,0.9985950000000001,0.721598,2.089571,0.999384,1.523931,1.242713,0.557457,2.0768400000000002,-1.2089940000000001,1.7053509999999998,2.078346,0.299686,1.839429,0.48695299999999997,1.444293,0.649913,1.2327569999999999
441,0.892574,1.426574,0.841556,0.779031,-0.9287290000000001,0.124303,0.396746,0.217723,-1.258183,-1.2372299999999998,0.378346,0.838493,0.206398,0.396975,0.356021,0.9837600000000001,0.5811189999999999,0.9122450000000001,-0.557239,-0.021146
109,-0.7916300000000001,0.45851400000000003,-0.8027569999999999,-0.734885,-0.624141,-0.731356,-0.470426,-0.771992,-1.1851639999999999,0.35332199999999997,-0.616352,-0.418666,-0.628223,-0.526437,0.690702,-0.553761,-0.247475,-0.8696280000000001,-0.58872,-0.49849899999999997
319,-0.482055,-0.532817,-0.550673,-0.5050819999999999,-1.47955,-1.322832,-0.946385,-0.82358,-1.2399280000000001,-1.018918,-0.09879099999999999,1.783766,-0.187646,-0.20191099999999998,0.10534500000000001,-0.8209129999999999,-0.72729,-0.09669900000000001,1.6693939999999998,-0.315425
349,-0.618382,-1.0075379999999998,-0.607104,-0.648993,1.383436,0.308132,-0.9678540000000001,-0.8008810000000001,2.363553,0.42703800000000003,-0.159426,-0.30272899999999997,-0.203487,-0.301139,-0.41367600000000004,-0.073111,-0.798345,-0.207002,0.823055,-0.25755300000000003
89,0.145616,-0.9423799999999999,0.156563,-0.008501,1.1984059999999999,0.560187,0.136356,0.560267,1.1112790000000001,0.093901,0.38376,-0.8702559999999999,0.46926,0.053308,-0.5110140000000001,1.041885,0.41334499999999996,0.7192149999999999,0.45134399999999997,0.395687
419,-0.8427530000000001,0.49341999999999997,-0.865778,-0.78096,0.38711999999999996,-0.8444969999999999,-1.002443,-0.984276,-0.717843,-0.192455,-0.42831199999999997,0.836678,-0.444567,-0.46967200000000003,-0.044328,-0.896252,-0.8263299999999999,-0.9143979999999999,0.774624,-0.65623
562,0.310345,2.6366490000000002,0.470844,0.17636500000000002,0.600616,1.9777580000000001,2.086645,1.170295,1.15509,1.2364899999999999,-0.523235,-0.021506,-0.249525,-0.389146,-0.805359,1.283328,1.382525,0.6948840000000001,0.100217,0.887792
370,0.6312810000000001,0.930909,0.701509,0.527612,0.075415,0.85962,1.1588319999999999,1.0010860000000001,1.3266850000000001,-0.08755299999999999,0.09394,-0.353531,0.052444000000000005,0.113593,-0.468679,0.765232,0.955794,0.772745,1.383649,0.109729
546,-1.081325,-0.684076,-1.098091,-0.938523,-0.143774,-1.030979,-0.9878170000000001,-1.120082,0.267911,-0.111652,-0.702973,-0.45332,-0.747526,-0.602123,0.015008,-1.01893,-0.721952,-1.0221049999999998,-0.598406,-0.449704
49,-0.181,0.700529,-0.20838299999999998,-0.26703000000000005,-0.629123,-0.5185310000000001,-0.518386,-0.38895100000000005,-0.009559999999999999,-0.796355,-0.618518,0.24701700000000001,-0.559909,-0.44305,-0.862028,-0.651568,-0.362861,0.007115000000000001,-0.500333,-0.6955680000000001
412,-1.3434700000000002,0.556251,-1.327108,-1.098077,-1.186348,-0.830283,-0.645945,-1.129548,-1.9628150000000002,0.6297550000000001,-1.034299,-0.063236,-0.837621,-0.737829,-0.50868,0.070525,0.18091400000000002,-1.081636,-0.12498900000000002,0.298098
417,0.389869,0.416627,0.45024899999999995,0.42152700000000004,1.113008,0.9998610000000001,0.795994,0.925768,0.9981,0.8282200000000001,3.482267,-0.006991,3.246381,2.9958169999999997,0.385689,0.749583,0.43224399999999996,1.556217,-0.043867,0.764104
440,-0.896716,-0.486275,-0.83365,-0.805988,-0.513123,0.131884,0.072451,-0.329883,-1.1778620000000002,0.510676,-0.5333399999999999,0.288747,-0.029731,-0.488154,0.5080279999999999,1.168195,1.074496,0.954419,-0.6516810000000001,0.446751
482,-0.18667999999999998,-1.216974,-0.191495,-0.308839,0.764297,0.21148000000000003,-0.388442,0.096492,-0.11908900000000001,0.509259,-0.889208,-1.167627,-0.8732629999999999,-0.6049829999999999,-0.8636950000000001,-0.612445,-0.615186,-0.487462,-0.43131800000000003,-0.381241
291,0.23650100000000002,-0.044132,0.20846199999999998,0.09218,-0.458325,-0.11581199999999998,-0.369108,-0.018808000000000002,0.246006,-0.606396,-0.42398100000000005,-0.48779300000000003,-0.34407600000000005,-0.340302,-0.5696829999999999,-0.241898,-0.5482090000000001,0.011981,-0.644416,-0.37065
198,1.435041,0.744743,1.4635280000000002,1.402458,-0.792091,0.728855,0.28375100000000003,0.48494899999999996,-0.1629,-1.064282,0.11018199999999999,-0.261,0.47866499999999995,0.305448,-0.50568,0.642834,-0.160272,0.067133,-0.7739699999999999,-0.150508
542,0.174018,1.426574,0.112489,0.038995,-0.9685819999999999,-0.610256,-0.599491,-0.48103599999999996,0.103619,-0.850224,-0.368399,0.305076,-0.341105,-0.284418,-0.755357,-0.768936,-0.411933,0.144993,-0.223063,-0.44213900000000006
320,-1.101206,-0.723636,-1.048251,-0.940514,0.693131,0.128093,-0.270425,-0.23908800000000002,-0.250523,1.416525,-0.135245,0.461109,-0.628223,-0.388486,1.14972,0.959727,0.27010700000000004,0.59107,0.804894,1.43777
94,0.26490199999999997,0.125743,0.343154,0.144227,0.536567,0.965749,1.019472,1.0119200000000002,0.158383,0.0060090000000000005,0.25851999999999997,-0.45803699999999997,0.415796,0.149676,0.73637,0.652335,0.5562520000000001,1.089053,-0.673475,-0.10398299999999999
116,-1.470424,-0.8213729999999999,-1.368711,-1.165198,-0.123848,0.378253,0.048094,-0.6664939999999999,-1.849636,1.252083,-0.331946,-0.431729,0.204913,-0.514776,3.769827,2.354171,2.013834,1.830352,0.399281,0.683158
429,-0.39969099999999996,-0.37690300000000004,-0.45264,-0.43682299999999996,-1.238299,-1.12043,-0.938852,-0.7885,-1.287391,-1.043018,-0.39619,-0.604636,-0.374767,-0.376165,0.098678,-0.767818,-0.879016,-1.001343,-0.138308,-0.9890909999999999
518,-0.354249,-0.248914,-0.30971,-0.46014499999999997,1.810429,1.170425,-0.509095,0.10603499999999999,-0.374655,1.3796680000000001,0.13508499999999998,-0.086823,0.15342999999999998,-0.13128599999999999,-0.58935,-0.122294,-0.591645,0.104441,-0.288445,-0.187576
323,1.7644970000000002,0.516691,1.809525,1.732374,1.4688350000000001,1.575986,2.105477,2.617595,2.765157,0.553204,0.595621,-0.351717,0.567276,0.631953,-0.5186810000000001,-0.065287,0.00020800000000000001,0.307203,0.8642219999999999,-0.170177
248,-0.9876,1.380033,-0.986877,-0.875668,0.014925,-0.606466,-0.81619,-0.845247,0.31172300000000003,0.069801,-0.561131,0.501025,-0.677726,-0.5213760000000001,0.049342000000000004,-0.845505,-0.6990729999999999,-0.9004479999999999,0.125643,-0.444787
280,1.429361,1.701168,1.40998,1.374017,0.401353,0.776234,1.296937,1.230911,0.329977,-0.084717,0.833467,-0.39163200000000004,0.72024,0.644934,0.11701199999999999,-0.055227,0.264801,0.183924,-0.749754,-0.131973
391,-1.531771,-0.57005,-1.511641,-1.196199,0.536567,-0.5697,-1.114873,-1.2618200000000002,0.6330060000000001,1.1599389999999998,0.40325,1.56423,0.148975,-0.252735,2.926459,-0.325173,-1.057501,-1.9134470000000001,-0.22911700000000002,1.112474
462,0.077453,1.791923,0.011573,-0.024997,-1.8794990000000003,-0.9875799999999999,-0.678462,-0.813778,-0.381957,-1.200372,-0.626819,-0.55456,-0.563869,-0.43601,-0.561682,-0.485576,-0.403976,-0.880172,-0.775181,-0.719776
406,0.571638,-1.030809,0.507915,0.41271,-0.100363,-0.36635100000000004,-0.424349,-0.093868,-0.27973000000000003,-0.5737909999999999,-0.600833,-1.051691,-0.562879,-0.40718699999999997,-1.027701,-0.727578,-0.450396,-0.4946,-0.671053,-0.822282
416,-1.341198,0.560905,-1.333287,-1.091251,0.57215,-0.810194,-0.857873,-0.9375889999999999,0.779043,0.45538999999999996,0.090331,3.013891,-0.052998,-0.333702,2.5664439999999997,-0.488371,-0.604244,-0.506441,1.198399,0.300746
411,-0.876835,-0.572377,-0.867014,-0.801153,0.806996,-0.498443,-0.732448,-0.622129,-0.3564,0.085395,-0.752419,0.308704,-0.754456,-0.5895819999999999,-0.627685,-0.901115,-0.707363,-0.699633,-0.407102,-0.604031
474,-0.922277,-0.853952,-0.888021,-0.841823,0.308838,0.048497000000000005,-0.47268599999999994,-0.8565959999999999,0.180289,0.789944,-0.927466,-1.231674,-0.774752,-0.676334,-0.8556940000000001,0.304702,-0.143362,-0.828103,-1.019759,0.33176300000000003
96,-0.5530579999999999,-0.337343,-0.584037,-0.579597,0.579267,-0.6400100000000001,-0.802254,-0.503219,0.322675,0.503588,-0.141019,0.533683,-0.22576300000000002,-0.349763,-0.5360149999999999,-0.7650239999999999,-0.682495,0.550517,0.200712,-0.146347
232,-0.8257120000000001,3.3789830000000003,-0.8723690000000001,-0.762473,-1.320851,-1.30009,-1.0525120000000001,-1.095861,0.121873,-0.640418,-0.654249,0.780434,-0.681686,-0.547338,-0.8940290000000001,-1.0431860000000002,-0.950636,-1.358853,-0.16736700000000002,-0.47693900000000006
354,-0.848433,-1.214647,-0.853833,-0.76873,-1.6809479999999999,-0.828198,-0.549271,-0.88239,-0.44402299999999995,-0.278929,0.061457000000000005,-0.739624,0.229665,-0.25295500000000004,-0.500013,0.469017,0.43622299999999997,0.472657,1.268624,0.391905
240,-0.138398,-0.858606,-0.189023,-0.22635999999999998,-0.151602,-0.720933,-0.524161,-0.299446,-0.345447,-0.878576,-0.292245,-1.008146,-0.43070600000000003,-0.289258,-0.190334,-0.72646,-0.457359,-0.124275,-0.189161,-0.756845
378,-0.132717,-0.963324,-0.152364,-0.211286,-0.973563,-0.5469579999999999,-0.581412,-0.62445,-0.071627,-0.542604,-0.95634,-1.224961,-0.873758,-0.6377649999999999,-0.609684,0.24378200000000003,-0.247475,-0.5580229999999999,-0.286024,0.4059
177,0.662522,0.190901,0.713866,0.5062810000000001,0.138753,0.971434,1.136233,1.025075,-0.064325,0.061296,-0.366234,0.121827,-0.190121,-0.192451,-0.137999,0.8641559999999999,0.723363,1.027414,-0.45069,0.298477
33,1.460602,1.670916,1.480004,1.442275,-0.167259,1.280343,0.9654860000000001,0.696717,0.151081,-0.026595999999999998,0.5436479999999999,-1.1079350000000001,0.327681,0.612372,-0.675354,0.430453,0.102,-0.34926,-0.618989,0.038239999999999996
251,-0.746188,-0.195392,-0.7698050000000001,-0.7038840000000001,-0.20711100000000002,-0.842033,-0.783673,-0.728142,0.081713,-0.49015200000000003,-0.045014,-0.67848,-0.090125,-0.293659,-0.220335,-0.828738,-0.644696,-0.425174,0.287889,-0.8828020000000001
224,-0.243483,-0.528162,-0.305591,-0.308554,-0.8476,-1.030979,-0.668669,-0.628319,-1.152306,-0.8587290000000001,-0.405935,-0.591754,-0.40694400000000003,-0.344483,-0.33634000000000003,-0.806941,-0.30848400000000004,-0.44431499999999996,-0.692847,-0.49131199999999997
186,1.187949,-0.16514,1.096935,1.098139,-0.745834,-0.372605,-0.089257,0.23784299999999997,-0.6959380000000001,-1.2117129999999998,-0.532258,-1.3447069999999999,-0.519316,-0.251195,-1.391716,-0.91084,-0.589324,-0.8235610000000001,-1.1929020000000001,-1.024268
85,1.230551,-0.179102,1.19991,1.1948379999999998,0.169354,0.018175,0.5612159999999999,1.006761,1.169694,-0.36540300000000003,1.063013,0.46836700000000003,0.948449,0.8858530000000001,-0.190001,-0.502343,-0.127115,0.38993,0.38233,-0.015094
422,-0.714947,-0.7608689999999999,-0.68001,-0.701609,0.8852780000000001,0.236117,-0.223847,-0.101864,0.27156199999999997,0.057042999999999996,-0.575929,-0.876244,-0.593571,-0.537878,-0.385675,-0.30337600000000003,-0.185139,0.201767,-0.2497,-0.685733
104,-1.033042,8.2e-05,-1.011592,-0.9066690000000001,0.25119400000000003,-0.351758,-0.738851,-0.952034,1.480024,0.285277,-0.181081,0.5754130000000001,-0.279227,-0.378585,0.18468099999999998,-0.183773,-0.102578,-0.516173,0.7939970000000001,-0.130082
461,3.775318,1.624375,3.910226,5.250529,0.8568120000000001,1.790138,3.4488589999999997,3.094784,0.9104770000000001,-0.931027,7.730307000000001,0.161743,7.813534,11.041841999999999,0.203015,1.579542,1.613298,2.30076,-0.432529,0.288642
142,-0.766069,-0.46067700000000006,-0.754153,-0.7306189999999999,0.913744,-0.179679,-0.8598809999999999,-0.781794,-0.6083149999999999,0.40010300000000004,-0.436253,1.253978,-0.459913,-0.417088,-0.125665,-0.45427799999999996,-0.673542,-0.369211,0.275781,-0.101713
380,-0.811511,-1.472952,-0.774748,-0.763895,1.945643,0.128093,-0.12303,0.169746,0.753487,0.8991,-0.537671,-0.41921,-0.523277,-0.5345770000000001,-0.13533199999999998,-0.430804,-0.36087199999999997,-0.025327000000000002,0.065104,-0.027954000000000003
123,0.10585399999999999,-1.954655,0.095189,-0.040355,0.977793,0.105352,-0.004762,0.228557,0.16203399999999998,0.173287,-0.405213,-0.652898,-0.464368,-0.355263,-1.07437,-0.710811,-0.10191499999999999,0.033069,-0.17463099999999998,-0.373298
428,-0.851273,-0.6212449999999999,-0.885549,-0.778684,-1.056827,-1.250816,-0.942995,-0.908442,-1.097542,-0.18678499999999998,-0.9516479999999999,-0.453139,-0.9395969999999999,-0.67398,-0.386009,-1.073925,-0.745891,-0.909532,-0.054764,-0.536324
396,-0.17532,-0.093001,-0.159366,-0.275278,0.678898,0.196319,-0.037656,0.126155,-0.020513,-0.2846,-0.6914239999999999,0.20891500000000002,-0.669806,-0.46307200000000004,-0.533015,-0.330203,0.038007,0.30395900000000003,-0.895048,-0.503416
66,-1.324157,0.400337,-1.31228,-1.096371,0.57215,-0.504318,-0.8421790000000001,-0.873878,-0.345447,0.8778360000000001,-0.613826,1.440855,-0.597036,-0.57506,1.159721,-0.4431,-0.48918900000000004,-0.399545,0.272148,0.167223
170,-0.513297,-1.605595,-0.540376,-0.542624,0.45828500000000005,-0.654413,-0.614306,-0.307442,0.538081,-0.46038199999999996,-0.610577,-1.000163,-0.592086,-0.503995,0.334687,-0.764465,-0.499468,0.099574,-0.15768,-0.585118
481,-0.064554,-0.011554,-0.133416,-0.147862,-1.170692,-0.96806,-0.738851,-0.727884,-0.8492770000000001,-0.972138,-0.26553699999999997,-0.526982,-0.40100399999999997,-0.262416,-1.112371,-0.8192370000000001,-0.550198,-0.895582,-1.2013770000000001,-0.5968439999999999
313,-0.7348279999999999,-1.994215,-0.751269,-0.699049,-0.739429,-0.846202,-0.9432459999999999,-1.032073,0.078062,-0.25483,-0.988823,-1.5542639999999999,-0.8707879999999999,-0.679833,-0.972366,-0.675042,-0.7249359999999999,-1.156415,-0.026916000000000002,-0.6970810000000001
53,1.162387,-0.137215,1.166958,1.075386,1.312271,0.836879,1.109868,1.472343,1.023657,0.042867,1.5466469999999999,0.682459,0.9954770000000001,1.286504,-1.047369,0.23092800000000002,-0.12346700000000001,-0.41755,0.750408,0.5034890000000001
296,-0.9137569999999999,-1.614903,-0.940332,-0.8281719999999999,-0.79565,-1.082717,-0.959693,-0.9087,-1.3239,-0.352645,-0.829657,-0.344459,-0.791583,-0.643486,-1.187708,-0.74155,-0.7020569999999999,-0.389812,1.073688,-0.138782
114,-1.534044,-0.805083,-1.488162,-1.205869,1.3265040000000001,-0.423205,-0.596101,-0.7655430000000001,-0.593711,1.9183569999999999,-0.861418,-1.143859,-0.748516,-0.690217,0.40669,-0.187126,0.023087,-0.226467,-0.41921,0.004197
243,-0.107156,1.042608,-0.141243,-0.184551,-1.133686,-0.687389,-0.525166,-0.657209,-0.140994,-1.206042,0.106573,-0.290029,-0.018345,-0.008956,-0.8966959999999999,0.066613,0.060223,-0.279996,0.658389,-0.267766
140,-1.246621,-1.7033310000000002,-1.265735,-1.0420479999999999,-0.274719,-1.200026,-1.114873,-1.2618200000000002,0.33362800000000004,0.201639,-0.74484,-1.307876,-0.81584,-0.617744,-0.333673,-1.10785,-1.057501,-1.9134470000000001,0.269727,-0.21745799999999998
152,-1.248609,-0.91911,-1.1611120000000001,-1.008772,0.771413,1.052926,4.042708999999999,0.764814,2.688487,4.275833,1.513443,2.625622,0.5974729999999999,0.20930100000000001,1.309727,3.93361,12.07268,6.649601,1.806213,9.851593
268,-0.357089,-0.716655,-0.394974,-0.40582199999999996,-0.150179,-0.798824,-0.625229,-0.845247,0.724279,-0.724057,-0.615991,0.0038950000000000005,-0.65347,-0.486174,-0.50768,-0.20668699999999998,-0.19906500000000002,-0.88666,0.652335,-0.6195390000000001
91,0.35294699999999996,0.807574,0.339035,0.208504,-0.31030100000000005,-0.014043,0.293795,0.6683439999999999,-0.345447,-0.259083,-0.333029,-0.681383,-0.391599,-0.239754,0.947045,-0.058021,0.44484399999999996,0.9463090000000001,0.5046189999999999,-0.625213
255,-0.047513,-0.521181,-0.022203,-0.149284,0.94221,0.446478,0.114133,0.091333,0.351883,-0.212302,0.071563,-0.738535,-0.150024,-0.10114400000000001,-0.230002,0.07331900000000001,-0.023333,0.263406,0.009408,-0.41603999999999997
559,-0.743348,1.079841,-0.718729,-0.7149760000000001,-0.26689,-0.04247,0.28124,-0.202977,-1.546608,0.411444,-0.600472,3.061064,-0.460408,-0.514116,0.386356,0.24266500000000002,0.8450489999999999,0.141749,-0.6855829999999999,0.356727
14,-0.11283599999999999,0.772668,0.06717999999999999,-0.217827,1.191289,2.368158,1.556825,0.8081470000000001,0.939685,1.9878200000000001,-0.696838,-0.086823,-0.398529,-0.46483199999999997,-0.204001,1.8936419999999998,0.766467,0.727326,-0.112881,1.625761
100,-0.146918,1.3241829999999999,-0.161426,-0.20531300000000002,-0.10534500000000001,-0.364456,-0.032007,-0.10392799999999999,-0.739749,-0.579461,0.185253,0.132713,-0.0025039999999999997,0.06166900000000001,-0.389675,-0.592325,-0.179834,-0.304165,-0.713431,-0.544646
353,0.270583,1.50104,0.248417,0.175512,0.42981899999999995,-0.126046,0.435666,0.42846000000000006,-0.601013,0.261178,0.895907,0.5246109999999999,0.647471,0.506764,1.159721,-0.065287,0.571172,0.918733,0.07963300000000001,0.405522
543,-0.260524,2.0409200000000003,-0.29199899999999995,-0.331307,-0.686767,-0.6741229999999999,-0.7398560000000001,-0.417067,-0.670381,-0.707046,-0.613826,0.689717,-0.656935,-0.49475399999999997,-0.689354,-0.657157,-0.560808,-0.43458199999999997,-0.399837,-0.927436
165,0.239341,0.109454,0.14544100000000001,0.100428,-0.8646799999999999,-0.963133,-0.8704280000000001,-0.761674,-1.082938,-1.4371120000000002,-0.7982560000000001,-0.275514,-0.7821779999999999,-0.5213760000000001,-1.1357059999999999,-0.9777950000000001,-0.783358,-0.870115,-0.15768,-0.860485
43,-0.240643,0.230461,-0.191495,-0.311967,0.550801,0.744016,0.12141500000000001,0.326574,0.592845,0.711976,-0.1255,-0.711138,-0.217348,-0.198171,-0.656353,-0.22401300000000002,-0.33302,-0.362723,-0.405891,-0.180768
201,0.969258,0.007063,0.9527690000000001,0.8438760000000001,-0.475405,0.292971,0.18582200000000001,0.6696340000000001,-1.115796,-1.1181510000000001,-0.029133999999999997,-0.705151,0.109867,0.008645,-0.317006,0.011840999999999999,-0.157951,0.268273,-0.557239,-0.43003500000000006
108,2.3126450000000003,0.08851,2.50564,2.429179,2.579016,3.268353,4.238567,3.4404230000000005,2.717694,1.0763,2.9228389999999997,0.595371,3.5562709999999997,2.852806,-0.175333,3.420544,2.39083,2.109352,1.280732,0.469825
328,0.60856,0.330525,0.6150100000000001,0.45167399999999996,1.461718,0.522284,0.7407520000000001,0.927574,0.497921,-0.003914,0.116678,0.027481000000000002,0.199963,0.089611,-0.11466400000000002,-0.259782,0.019438999999999998,0.344511,-0.6274649999999999,-0.380484
439,-0.030472000000000003,-0.8446440000000001,-0.097993,-0.137624,-1.188483,-0.919734,-0.852851,-0.577763,-0.812768,-0.9834780000000001,-0.689258,-1.019577,-0.623768,-0.46395200000000003,-0.734689,-0.9076540000000001,-0.752025,-0.168071,-1.069402,-0.639587
162,1.551487,-0.265204,1.595336,1.590169,1.113008,1.1799,2.0339139999999998,2.055287,0.786345,-0.28034699999999996,1.195471,-0.306358,0.9534,1.2482209999999998,-0.9947,-0.151357,0.278396,0.20014400000000002,-0.44584700000000005,-0.18039000000000002
325,-0.413892,-0.463005,-0.44151899999999994,-0.469246,0.45828500000000005,-0.524975,-0.713993,-0.71834,-0.381957,-0.41927200000000003,-0.704417,-0.483257,-0.643569,-0.500035,-0.077329,-0.892228,-0.616844,-0.863302,0.0033539999999999998,-0.760627
183,-0.771749,-1.0168469999999998,-0.7595069999999999,-0.7192430000000001,-0.410645,-0.43192299999999995,-0.33885,-0.652824,-2.353466,-0.08897000000000001,-0.255431,-0.197498,-0.477239,-0.386506,0.105011,0.659601,0.9037370000000001,0.863582,0.13411900000000002,0.374127
197,1.122625,0.593484,1.047507,1.0497889999999999,-1.611917,-0.339629,0.26994,0.228557,-0.151947,-1.332209,0.833828,0.159928,0.715785,0.792566,-0.50368,1.535949,0.9683930000000001,0.42886,0.103849,0.46944600000000003
498,1.2390709999999998,-0.41180900000000004,1.208148,1.17493,0.344421,0.518494,0.757073,1.106842,0.074411,0.59148,1.397226,-0.311801,0.982606,1.219619,0.31101999999999996,0.372328,0.413013,0.638111,-0.529391,0.552283
477,-0.064554,-0.6212449999999999,-0.12353099999999999,-0.157817,-1.998346,-0.9693870000000001,-0.83565,-0.916438,0.005043,-1.054359,-0.901119,-1.162366,-0.729704,-0.578801,-1.244377,-0.689014,-0.729114,-1.12965,-0.8938379999999999,-0.642991
421,0.15981700000000001,-1.2355909999999999,0.257479,0.0034439999999999996,0.47963500000000003,1.502076,0.705598,0.363201,1.001751,1.5965610000000001,0.508999,0.533683,0.954885,0.2005,0.9783799999999999,1.506886,0.692527,0.649465,0.724982,0.6237729999999999
374,-0.124197,-0.7492340000000001,-0.170076,-0.215552,-0.949367,-0.7694489999999999,-0.793968,-0.7379439999999999,0.22044899999999998,-0.8658170000000001,-0.846981,-1.2886440000000001,-0.7396050000000001,-0.579461,-0.937031,-0.536994,-0.669895,-0.885849,-0.134675,-0.611974
470,-1.266786,-0.186084,-1.2554370000000001,-1.040342,-0.491062,-0.791432,-0.7447520000000001,-0.8712989999999999,1.556694,0.18888,-0.099513,0.24157399999999998,-0.147053,-0.387386,0.153347,-0.312319,-0.157619,-0.310329,-0.11409200000000001,0.04467
382,-0.5899800000000001,0.798266,-0.544495,-0.588983,-1.9221990000000002,0.056077999999999996,-0.117631,-0.493675,-2.222032,0.537611,-1.031411,0.393979,-0.538623,-0.6773899999999999,-0.666353,1.124602,0.369909,0.790588,0.503408,1.3477459999999999
510,-0.678025,-1.0703690000000001,-0.644999,-0.650984,-1.093833,-0.146514,-0.270425,-0.581116,-1.141353,0.677954,-0.767939,-1.043526,-0.7529710000000001,-0.600582,-0.01966,0.7646729999999999,0.274417,0.565116,0.24914299999999998,1.145003
132,0.577318,0.523672,0.586176,0.440582,0.31595500000000004,0.45595399999999997,0.19461099999999998,0.185997,1.2719209999999999,-0.551109,0.101159,0.087354,-0.010920000000000001,0.07355,-0.721356,-0.332998,-0.321746,-0.41608999999999996,-0.628676,-0.537837
545,-0.14407799999999998,0.9169459999999999,-0.196849,-0.232332,-0.277565,-0.69876,-0.741488,-0.6316729999999999,-0.5389470000000001,-0.6786939999999999,-0.21356399999999998,0.216173,-0.396054,-0.200151,-0.391009,-0.25084,-0.387397,-0.443179,0.039678,-0.458404
121,1.287353,-0.504892,1.212267,1.2005270000000001,0.643316,0.10724700000000001,0.714386,0.9732290000000001,0.563638,-0.094641,1.1102940000000001,0.660687,1.0043879999999998,1.10301,0.353688,-0.24972199999999997,0.050607,0.6835289999999999,-0.011175,0.29318099999999997
45,1.284513,-0.39319299999999996,1.307005,1.197683,0.9635600000000001,1.217803,1.363478,1.3407930000000001,0.34823200000000004,-0.32712800000000003,0.807481,-1.0043360000000001,0.706379,0.686958,-0.24900300000000003,0.808267,0.78404,0.8360059999999999,0.45255500000000004,-0.09830900000000001
333,-0.817192,-1.049425,-0.848066,-0.753372,-0.94652,-1.132559,-1.1026479999999999,-1.185959,-0.140994,-0.281764,-0.6885359999999999,-0.400523,-0.6618850000000001,-0.5559189999999999,-0.474679,-1.0258040000000002,-1.025216,-1.436389,-0.428896,-0.6675770000000001
134,1.227711,0.609773,1.162839,1.1948379999999998,-0.146621,-0.137417,0.332715,0.5042939999999999,-0.436721,-0.783596,0.688377,-0.026949,0.44549799999999995,0.616332,-0.346674,-0.629212,-0.11086800000000001,-0.42955299999999996,-0.68074,-0.601383
182,0.446671,0.237443,0.380225,0.317717,-0.027775,-0.309875,-0.287124,0.07662999999999999,-0.7068909999999999,-1.03593,-0.127304,-0.121295,-0.22774299999999997,0.014145,-0.805026,-0.159181,-0.409612,-0.329146,-0.614146,-0.5162770000000001
519,-0.39116999999999996,-0.602629,-0.389619,-0.458154,1.14859,0.139464,-0.62774,-0.48928999999999995,1.125883,0.48657700000000004,-0.07858,-0.388004,-0.183686,-0.257796,0.156013,-0.5515260000000001,-0.401986,-0.421281,-0.301764,-0.062753
207,0.8187300000000001,0.225807,0.730342,0.70935,-0.614889,-0.5932,-0.242302,0.128476,0.782694,-1.498069,0.651924,-0.655801,0.613809,0.6187520000000001,-0.667687,-0.583942,-0.41226499999999994,-0.091833,0.29031,-0.459161
99,0.083133,0.11178099999999999,0.103427,-0.035236,0.08253200000000001,0.184948,0.063788,0.24429099999999998,0.246006,0.156275,-0.41748500000000005,1.15056,-0.242594,-0.296739,0.321353,0.19404100000000002,0.043644,0.396418,-0.717063,0.248547
366,1.724735,1.75469,1.718907,1.6470509999999998,0.191415,1.185586,0.945398,2.0011189999999996,0.231402,-0.368238,2.0605990000000003,1.224948,2.109791,1.391892,0.466026,1.188316,0.90009,2.20019,2.004782,0.185758
180,3.718515,0.6004649999999999,3.712513,4.536658999999999,0.927977,1.6498970000000002,2.489659,3.58229,-0.042419,-0.722639,1.555309,0.479253,1.462291,1.944135,-0.803359,-0.006044,-0.026649000000000003,0.099574,-0.580244,-0.39637100000000003
318,-1.444295,-0.090674,-1.313928,-1.167189,0.236249,1.759816,1.3647340000000001,0.004149,1.892581,3.4918980000000004,0.21701399999999998,1.259421,0.446983,-0.355043,0.9347120000000001,2.259159,2.3477259999999998,2.185591,1.7396200000000002,1.544058
501,-0.087275,1.210157,0.014868000000000001,-0.167771,1.411902,1.208328,0.5888369999999999,0.481596,1.6917790000000001,1.356986,0.25238499999999997,0.564527,0.053434,-0.028318,0.879709,0.731139,0.095037,0.707861,0.45982,1.2104409999999999
229,-0.36844899999999997,0.7075100000000001,-0.276346,-0.43141899999999994,0.8852780000000001,1.4319549999999999,1.013195,0.5079060000000001,1.136836,1.3810850000000001,-0.357572,-0.268257,-0.301503,-0.334582,-0.019327,0.7322569999999999,0.49524300000000004,0.518075,-0.453112,0.68921
7,-0.11851700000000001,0.35845,-0.072867,-0.21896500000000002,1.604049,1.140102,0.061026,0.28195,1.403355,1.660353,0.643623,0.290561,0.490051,0.23372199999999999,0.5880310000000001,0.268933,-0.23255399999999998,0.435349,-0.688004,0.6116689999999999
247,-0.351408,-1.205339,-0.289115,-0.40582199999999996,-0.623429,0.573453,0.6101800000000001,-0.235219,-0.787211,0.18320999999999998,-0.731486,-1.409116,-0.234179,-0.5277569999999999,-0.513347,1.701382,1.6474490000000002,0.308825,-0.954377,1.422261
494,-0.274725,0.29096500000000003,-0.325775,-0.33045399999999997,-1.637537,-0.977725,-0.888883,-0.937847,-0.360051,-0.555362,-0.29405,0.464738,-0.26734600000000003,-0.3139,0.253684,-0.27710799999999997,-0.612865,-1.010913,0.038467,-0.413771
174,-0.9847600000000001,-0.963324,-1.0082959999999999,-0.868274,-0.6006560000000001,-1.162123,-1.114873,-1.2618200000000002,0.42490200000000006,-0.43203,-0.268063,1.284821,-0.35199600000000003,-0.403887,0.557363,-0.8555649999999999,-1.057501,-1.9134470000000001,1.465982,-1.0564200000000001
340,0.083133,-0.639862,0.089834,-0.038932999999999995,0.08182,0.18115699999999998,-0.109596,-0.17254,0.366487,0.18746300000000002,-0.202376,-0.809657,-0.09358999999999999,-0.18035,-0.8213600000000001,0.282346,0.215729,0.10281900000000001,-0.21943000000000001,-0.15958599999999998
125,-0.07875499999999999,-0.48394799999999993,-0.145362,-0.188249,-0.605638,-0.814553,-0.936592,-0.96751,-0.721494,-0.552527,-0.6737390000000001,-0.6545310000000001,-0.678716,-0.49343400000000004,-0.814026,-0.91151,-0.754877,-1.13257,-0.977382,-0.789374
209,0.324545,-1.484587,0.255419,0.200825,-1.034766,-0.7967390000000001,-0.375134,-0.447504,-1.6524849999999998,-1.068535,-0.692146,-1.549547,-0.6638649999999999,-0.44745100000000004,-0.916697,-0.733167,-0.44708000000000003,-0.717476,-1.332263,-0.8090430000000001
347,0.179698,-1.058734,0.11949100000000001,0.03928,-0.541589,-0.502991,-0.5363399999999999,-0.351808,-1.061032,-0.521339,-0.22511399999999998,-1.4855,-0.162894,-0.248115,-0.769691,-0.5822649999999999,-0.442438,-0.18267,0.131697,-0.382754
332,-0.8257120000000001,0.132725,-0.825,-0.761051,0.643316,-0.692695,-1.052023,-1.066224,0.468713,-0.35689699999999996,-0.38825,1.35921,-0.44902200000000003,-0.45581099999999997,1.9497529999999998,-0.806941,-0.948182,-1.107752,2.65013,-0.69292
361,-0.234963,0.5306529999999999,-0.27716999999999997,-0.30940700000000004,-0.750104,-0.769638,-0.6950350000000001,-0.6365729999999999,0.012345,-0.827542,-0.5163770000000001,0.584485,-0.414865,-0.425889,-0.514347,-0.28102,-0.46233199999999997,-0.875468,-0.27270500000000003,-0.6955680000000001
500,0.25922199999999995,-0.59332,0.278486,0.098153,0.175759,0.6075659999999999,-0.145504,0.322447,-0.524343,0.8353079999999999,-0.119725,-0.679569,-0.278237,-0.12094500000000001,-0.972699,-0.407331,-0.395687,-0.284862,-1.209853,-0.21102800000000002
300,1.534446,-0.090674,1.545908,1.598701,1.3265040000000001,1.134417,1.6434540000000002,1.477501,-0.071627,0.385927,2.5474810000000003,-0.101337,2.163749,2.038743,-0.32834,0.366181,0.8118920000000001,0.8976459999999999,-0.206112,0.375262
283,0.600039,-0.120926,0.693271,0.42721499999999996,0.7287140000000001,1.437641,1.3308360000000001,1.0730520000000001,0.235053,0.573051,-0.425425,-0.543493,-0.199032,-0.269457,-0.826026,0.5215529999999999,0.22633899999999998,0.047667,-0.806661,0.108216
107,-0.5019359999999999,-0.174448,-0.5337850000000001,-0.535229,-0.8248270000000001,-0.685873,-0.783045,-0.766317,-0.765306,-0.303028,-1.029607,-0.585041,-0.9988030000000001,-0.684475,-1.194708,-0.8387979999999999,-0.670558,-1.011886,-0.9725389999999999,-0.9225190000000001
131,0.378508,0.044295999999999995,0.40081999999999995,0.267377,0.913744,0.34035,0.7256859999999999,0.82414,0.435855,-0.685782,0.24949699999999997,-0.781898,0.11283800000000001,0.17541800000000002,-0.267004,-0.594561,-0.124794,-0.140496,-0.795764,-0.504551
303,-1.033042,-0.158159,-1.034246,-0.9117879999999999,0.742947,-0.7118359999999999,-0.826485,-0.802687,-1.203419,0.45397200000000004,-0.926383,0.628029,-0.90643,-0.6657069999999999,0.6113649999999999,-0.900724,-0.45802200000000004,-0.421281,-0.318715,-0.180768
567,1.838341,2.336457,1.9825240000000002,1.735218,1.525767,3.272144,3.2969440000000003,2.658866,2.137194,1.043695,1.157935,0.686088,1.4385299999999999,1.009503,-0.173,2.017716,1.3022850000000001,0.785721,0.32663400000000004,0.904057
507,-0.8711540000000001,-0.504892,-0.8534209999999999,-0.820208,1.639632,0.052287,-0.6047640000000001,-0.160932,0.519826,2.404595,-0.8202729999999999,-0.339016,-0.7663369999999999,-0.6168640000000001,1.859749,-0.111675,-0.460674,0.17094700000000002,0.200712,1.7089759999999998
3,-0.7689090000000001,0.253732,-0.592687,-0.764464,3.283553,3.4029089999999997,1.9158970000000002,1.451707,2.8673830000000002,4.910919,0.326373,-0.110409,0.286593,-0.288378,0.689702,2.74428,0.8195180000000001,1.115007,4.73268,2.047511
516,1.187949,0.300273,1.187553,1.129424,0.742947,0.387729,0.855002,1.1759700000000002,0.17663800000000002,-0.480229,0.504307,-0.534058,0.17422100000000001,0.59455,-0.288338,-0.374915,-0.091637,-0.216734,-0.599617,-0.40469299999999997
143,-0.348568,-0.78414,-0.338956,-0.40582199999999996,-0.682497,-0.17532,-0.500433,-0.465301,-0.12274000000000002,-0.063453,-0.688897,-0.808569,-0.58268,-0.5213760000000001,-0.57235,-0.550408,-0.55683,-0.683249,0.060261,-0.7216670000000001
398,-0.8711540000000001,-1.03779,-0.8921399999999999,-0.786932,-1.3486049999999998,-1.073809,-0.774382,-1.074916,-1.009919,-0.093223,-0.7928430000000001,-0.959341,-0.793563,-0.601903,-0.927364,-0.6029439999999999,-0.414254,-1.237358,-1.045186,-0.097552
530,-0.675185,-0.402501,-0.662299,-0.659801,0.77853,-0.136659,-0.451719,-0.116567,-0.77991,0.563128,0.11992699999999999,1.252163,0.14006400000000002,-0.212912,-0.151332,-0.409566,-0.481563,0.221232,-0.26544,-0.5586409999999999
119,1.085703,0.167631,0.9156979999999999,0.9303370000000001,-0.878202,-0.703498,-0.199239,0.181612,1.158741,-1.7787540000000002,0.52488,-0.005177,0.243031,0.30148800000000003,-1.0057,-0.95326,-0.297873,-0.31357399999999996,3.5836449999999997,-0.715993
259,0.398389,3.320807,0.48320100000000005,0.256,0.707364,1.128731,1.083503,0.904617,1.020006,0.5248520000000001,-0.589283,0.11094100000000001,-0.47674399999999995,-0.38100500000000004,-0.565349,0.004575,-0.099594,-0.25566500000000003,-1.2828629999999999,-0.164881
450,-0.641103,0.523672,-0.62358,-0.633919,-2.151351,0.039021,-0.012922999999999999,-0.646375,-1.6889939999999999,0.470983,-0.538393,0.6117,-0.45100200000000007,-0.44217,-0.062328999999999996,1.964621,1.151752,0.605669,0.36295700000000003,1.940466
192,-1.251733,-0.248914,-1.286742,-1.0431860000000002,-1.9115240000000002,-1.533193,-1.114873,-1.2618200000000002,-0.579108,0.23707899999999998,-0.185052,6.655278999999999,-0.314869,-0.410268,-1.7760650000000002,-1.04749,-1.057501,-1.9134470000000001,2.112542,-0.7969390000000001
514,0.26206199999999996,-0.051114,0.21793600000000002,0.133704,-0.299627,-0.348157,-0.175008,-0.14365,-0.9149940000000001,-0.517087,-0.06919600000000001,-0.034207,-0.11685699999999999,-0.040639,-0.6963550000000001,-0.512962,-0.073732,-0.384946,-1.092406,-0.785592
241,-0.48489499999999996,-0.988922,-0.550261,-0.507357,-1.216949,-1.334392,-0.982669,-0.976022,-0.969759,-0.745321,-1.046209,-0.984016,-1.044049,-0.689337,-1.2587110000000001,-1.148426,-0.8422120000000001,-1.303215,-0.404681,-0.921006
402,-0.331527,-0.232625,-0.320832,-0.368849,-1.62615,-0.48043900000000006,-0.605518,-0.776119,0.227751,-0.539768,-0.61166,0.149042,-0.232199,-0.44283,-1.1373719999999998,0.651217,0.08707999999999999,-0.185915,0.699555,-0.034006
148,0.088814,-0.956343,0.08242000000000001,-0.042062,0.237673,-0.04247,-0.049332,0.165104,-0.319891,-0.281764,-0.593975,-0.866265,-0.369322,-0.421048,-0.445011,-0.140179,-0.024991,0.508343,-0.726749,-0.47920799999999997
395,-0.019112,-0.490929,-0.091402,-0.13022899999999998,-1.132262,-0.961427,-0.778274,-0.423257,-0.622919,-0.7311449999999999,-0.9195260000000001,0.8493790000000001,-0.806434,-0.6087229999999999,-0.556682,-0.712488,-0.682163,-0.428418,-0.405891,-0.8892329999999999
299,-1.027362,0.884367,-1.034658,-0.9120729999999999,0.36577,-0.689284,-0.8016260000000001,-0.7781819999999999,-0.42576800000000004,0.391598,-0.42723,-0.133996,-0.28566199999999997,-0.43513,1.043049,-0.617475,-0.44044799999999995,0.114173,1.7069290000000001,-0.689894
149,-0.10999600000000001,-0.32105300000000003,-0.15854200000000002,-0.198772,-1.2041389999999998,-0.76907,-0.7531640000000001,-0.919018,-1.236277,-0.991984,-0.560049,-0.833607,-0.640104,-0.415108,-1.40105,-0.5342,-0.46730600000000005,-0.96809,-0.8780969999999999,-0.6880029999999999
60,-1.1239270000000001,-1.026155,-1.1293950000000001,-0.9754959999999999,1.212639,-0.449737,-0.978777,-0.929077,3.4004209999999997,0.96431,0.399279,0.406679,0.220754,-0.12578599999999998,0.15768,-0.809735,-0.8033520000000001,-0.584464,2.577483,0.816303
61,-1.570397,0.393356,-1.536767,-1.23175,1.9883419999999998,-0.27879499999999996,-0.738224,-1.022993,0.059807000000000006,0.6765359999999999,-0.169532,1.5424579999999999,-0.184676,-0.48287299999999994,1.62974,0.34326599999999996,-0.06279,-0.41154799999999997,1.577375,-0.282517
126,-0.146918,1.2566979999999999,-0.173371,-0.234039,-0.269025,-0.487451,-0.45134300000000005,-0.466075,-0.184806,-0.212302,-0.628624,-0.384375,-0.551493,-0.451191,-0.984366,-0.767818,-0.462001,-0.797445,-0.8853620000000001,-0.881289
372,2.057032,-0.974959,2.031952,2.079354,0.266139,0.893733,1.310748,1.975325,0.589194,-0.137169,-0.230167,0.167186,-0.227248,-0.028098,-0.8716950000000001,0.07108400000000001,0.082106,0.26502800000000004,-0.45916599999999996,0.216396
82,3.150487,1.3078940000000001,3.275896,3.478653,0.707364,3.073153,3.077232,3.4971699999999997,0.063458,0.711976,1.7761930000000001,0.466552,2.235529,1.75272,0.37502199999999997,1.75783,0.842397,1.379409,-1.197745,0.793608
425,-1.163689,0.463168,-1.185414,-0.9885790000000001,-1.081023,-1.236034,-1.083862,-1.1287479999999999,-0.663079,0.22573800000000002,-0.7942859999999999,0.22524499999999997,-0.8326709999999999,-0.632265,-0.439011,-1.105559,-0.988733,-1.341334,-0.737646,-0.523463
337,1.3185950000000002,0.49807399999999996,1.274053,1.243188,-0.37008,0.679581,0.215954,0.30903400000000003,0.516175,-0.278929,0.855484,0.568156,0.744002,1.054166,0.169014,0.754054,0.240265,1.0322799999999999,0.137751,0.2459
386,-0.544538,-1.209993,-0.543259,-0.548596,-1.087428,-0.494842,-0.256238,-0.6082,-0.604664,-0.178279,-0.5001359999999999,-0.7002520000000001,-0.380708,-0.44833100000000004,-0.8786950000000001,0.267256,0.38284,-0.150228,-0.161313,0.31285
184,0.327386,0.7261270000000001,0.286312,0.158448,-0.41206800000000005,0.016280000000000003,-0.440043,-0.420162,-0.308938,0.05279,-0.721019,-1.308602,-0.753466,-0.457791,-1.250377,-0.644302,-0.46929499999999996,-0.93873,-1.068191,-0.46143
58,-0.30596599999999996,0.004736,-0.3855,-0.363161,-1.1215870000000001,-1.259344,-1.106185,-1.154336,0.026949,-1.103975,-0.004229999999999999,-0.005177,-0.134183,-0.16230799999999998,0.150013,-0.9437030000000001,-1.034556,-1.2375200000000002,0.164388,-0.304456
88,-0.5019359999999999,0.584176,-0.502069,-0.536936,-0.614889,-0.187449,-0.359691,-0.295835,0.432204,0.176122,-0.38752800000000004,0.517354,-0.328235,-0.42654899999999996,0.023675,-0.030635000000000003,-0.16126600000000002,0.183924,-0.116514,0.252708
117,0.21094000000000002,-0.60961,0.274778,0.078528,1.411902,1.147683,1.006917,1.039777,1.260968,0.69213,0.077338,-0.48616000000000004,0.060859,0.018546,-0.01866,0.008487,-0.059142999999999994,0.14823699999999998,-0.547553,0.033701
459,-1.241793,2.073499,-1.247611,-1.0352219999999999,-1.175673,-1.1007209999999998,-0.921401,-0.9927879999999999,-0.6959380000000001,-0.464635,-0.819551,0.853008,-0.8034640000000001,-0.639305,-0.150999,-0.714164,-0.576724,-0.92332,-0.581455,-0.577553
221,-0.161119,-1.254207,-0.139183,-0.266177,0.621966,0.2816,-0.128052,-0.113729,0.549034,0.032944,-0.535145,-1.304066,-0.42328000000000005,-0.424789,-0.39667600000000003,-0.130678,-0.213986,-0.557375,-0.256965,-0.33169
223,0.460872,0.22348,0.437892,0.302644,0.436936,0.304342,0.325182,0.404988,0.45045799999999997,0.032944,-0.20887199999999997,-0.536961,-0.307938,-0.17925,-0.758357,-0.09714400000000001,-0.26703699999999997,-0.512443,-0.34171999999999997,-0.251123
128,0.27626300000000004,-0.674768,0.31349699999999997,0.055775,1.3265040000000001,1.447116,0.31388299999999997,0.9394389999999999,0.691421,0.265431,0.09285800000000001,-0.270071,-0.034681000000000003,-0.010937,0.655034,0.9150159999999999,0.00485,1.7492470000000002,0.361746,0.44977700000000004
294,-0.39969099999999996,-1.282132,-0.419688,-0.46298900000000004,0.022040999999999998,-0.386818,-0.9531649999999999,-0.7655430000000001,-0.633872,-0.25483,-0.810167,-0.950269,-0.755446,-0.593102,-0.325673,-0.764465,-0.839858,-0.6193390000000001,-0.8236120000000001,-0.9089020000000001
541,0.097334,1.32651,0.15821,0.004297,-0.568632,0.353616,0.151924,-0.258434,0.22044899999999998,0.086813,-0.54489,-0.250114,-0.12428199999999999,-0.379025,0.032342,1.176579,0.21208200000000002,-0.028571,0.016673,0.876066
111,-0.425252,0.342161,-0.404448,-0.49626499999999996,0.21134099999999997,0.313818,0.222232,0.291236,-0.27973000000000003,1.1202459999999999,-0.22655799999999998,1.0634709999999998,-0.07675900000000001,-0.43688999999999995,1.95642,0.835094,0.633839,1.809264,0.10869200000000001,0.792851
266,-1.001801,-0.079038,-0.934566,-0.877375,0.036986,0.196319,-0.312987,-0.580343,0.402996,0.299453,0.163598,-0.036021,0.27916799999999997,-0.291238,0.143013,0.577443,0.054586,0.300714,1.7553599999999998,-0.18039000000000002
568,-1.808401,1.221792,-1.814389,-1.347789,-3.112085,-1.150752,-1.114873,-1.2618200000000002,-0.8200700000000001,-0.561032,-0.070279,0.383092,-0.157449,-0.46615200000000007,0.049342000000000004,-1.163516,-1.057501,-1.9134470000000001,0.75283,-0.382754
362,-0.38833,-0.10463599999999999,-0.41598100000000005,-0.45019,0.028446,-0.470394,-0.777395,-0.802429,-0.192108,-0.137169,-0.663633,0.12364100000000001,-0.6589149999999999,-0.507735,-0.477679,-0.50402,-0.55053,-0.291837,-0.175842,-0.628617
271,-0.8058310000000001,-1.454335,-0.813055,-0.7590600000000001,0.140888,-0.535587,-0.7049529999999999,-0.551195,-0.15559800000000001,-0.013837,-0.775157,-1.247458,-0.842571,-0.597722,-0.189667,-0.7968810000000001,-0.632428,-0.478054,-0.438583,-0.36989299999999997
187,-0.686545,-0.48860200000000004,-0.7121390000000001,-0.667195,0.098188,-0.813606,-0.6366539999999999,-0.42635200000000006,-1.079287,-0.261918,-0.577734,-0.81891,-0.5564439999999999,-0.49453400000000003,-0.045328,-0.937499,-0.40165500000000004,0.008737,-0.190372,-0.803369
155,-0.5331779999999999,-0.31407199999999996,-0.5642659999999999,-0.553431,-0.698865,-0.711647,-0.627112,-0.660562,0.578241,-0.073377,-0.668325,-0.42556099999999997,-0.6841619999999999,-0.5242359999999999,-0.50768,-0.550967,-0.39635,-0.6280979999999999,-0.309029,-0.49585100000000004
5,-0.476375,-0.835335,-0.387148,-0.50565,2.237421,1.244335,0.866302,0.824656,1.0054020000000001,1.890005,-0.25506999999999996,-0.592662,-0.321304,-0.289258,0.156347,0.44554399999999994,0.160025,-0.069124,0.13411900000000002,0.486846
511,0.193899,-1.068042,0.11084100000000001,0.073409,-0.8283860000000001,-1.02681,-0.685995,-0.606394,-0.5572020000000001,-1.320868,-0.674821,-1.077091,-0.588621,-0.431609,-0.110997,-0.7549640000000001,-0.566114,-0.20051300000000002,-0.57419,-0.762518
252,1.591249,0.12341600000000001,1.595336,1.567416,0.700248,1.526713,1.919664,1.250514,-0.287032,0.59148,1.302665,-0.792602,0.618264,1.1544940000000001,0.48036,1.4023729999999999,1.197177,1.2837049999999999,-0.711009,1.3102989999999999
480,-0.558739,-0.293129,-0.563442,-0.567652,-0.390718,-0.49199899999999996,-0.7487699999999999,-0.8679450000000001,-1.269136,0.0060090000000000005,-0.6704899999999999,-0.048721,-0.588126,-0.529737,-0.710022,-0.492842,-0.5942970000000001,-1.076283,-0.726749,-0.732636
513,0.128576,-1.310057,0.095601,0.011123000000000001,0.139464,-0.287323,-0.082603,-0.140039,-0.265127,-0.9069280000000001,0.040885000000000005,-1.076184,-0.151014,-0.071001,-0.696021,-0.411243,-0.051185,-0.510658,-0.623833,-0.5726359999999999
86,0.100174,0.505055,0.093953,-0.019024,-0.136658,-0.092312,0.396746,0.011887,0.96159,-0.9125979999999999,0.054961,1.820053,0.21530900000000003,-0.032277999999999994,0.776038,0.24322399999999997,0.723363,0.9430649999999999,0.44044700000000003,-0.20648899999999998
105,-0.288925,-0.867914,-0.196026,-0.35462899999999997,3.091407,1.36752,1.485262,1.214661,0.41394899999999996,2.001996,-0.051872,-0.5317,-0.22576300000000002,-0.124905,0.040342,0.203542,0.7571829999999999,0.338023,-0.614146,1.249401
242,-0.802991,-0.255896,-0.743031,-0.755078,-0.031333,0.533655,0.8286370000000001,-0.525659,0.884921,1.969391,-0.5860350000000001,0.771362,-0.24606,-0.526877,-0.125998,1.881346,1.886843,0.21798800000000002,-0.071715,1.8459029999999998
312,-0.38833,-1.377542,-0.398681,-0.42886,-0.599233,-0.47115200000000007,-0.6061449999999999,-0.604589,-0.768957,-0.198126,-0.28394400000000003,-1.011412,-0.257445,-0.333482,-0.182334,0.12306099999999999,-0.017365000000000002,-0.179426,-0.391362,0.225852
473,-0.527497,2.485389,-0.599278,-0.538926,-1.378495,-1.333445,-1.114873,-1.2618200000000002,-0.403862,-0.453294,0.145552,4.409122,0.008881,-0.11456500000000001,0.099344,-0.9632639999999999,-1.057501,-1.9134470000000001,1.3158450000000002,-0.249231
364,-0.20656100000000002,-0.544452,-0.267285,-0.29149,-1.209121,-0.89794,-0.8410489999999999,-0.8818739999999999,-0.59006,-0.8204540000000001,-0.890652,-1.096686,-0.905935,-0.596622,-0.8823620000000001,-0.725342,-0.576392,-1.02389,-0.924107,-0.650934
565,1.704854,2.085134,1.615931,1.7238419999999999,0.102458,-0.017833,0.6930430000000001,1.2636690000000002,-0.217664,-1.058611,1.300499,2.260938,1.156857,1.291565,-0.42401000000000005,-0.069758,0.252202,0.808431,-0.189161,-0.49055600000000005
447,0.19105899999999998,-0.37923,0.16109300000000001,0.056629,-0.325246,-0.292629,-0.604011,-0.678876,0.297119,-0.558197,-0.6668810000000001,-1.0790870000000001,-0.6851520000000001,-0.45295100000000005,-0.7483569999999999,-0.7694949999999999,-0.4746,-0.794687,0.24187899999999998,-0.689894
488,-0.695066,-0.725963,-0.678775,-0.6666270000000001,1.16994,-0.22194,-0.577646,-0.453952,0.151081,0.171869,-0.122251,-0.11403800000000001,-0.154479,-0.280898,0.652367,-0.701869,-0.44376400000000005,-0.020461,0.118379,-0.220106
151,-1.6780389999999998,0.328198,-1.594021,-1.282659,-0.164412,0.495752,0.543639,-0.7026060000000001,1.4982790000000001,2.808612,-0.763969,1.351952,-0.8034640000000001,-0.6628470000000001,1.796413,1.603016,1.5131629999999998,-0.25566500000000003,0.30847199999999997,3.0203729999999998
263,0.42111000000000004,0.021025,0.330797,0.294964,-1.278151,-0.913101,-0.586434,-0.527465,-0.966108,-1.1861959999999998,-0.632955,-0.395624,-0.65941,-0.399487,-1.40505,-0.9150870000000001,-0.622812,-1.074175,-1.2607059999999999,-0.9266790000000001
563,1.9292259999999999,1.349781,2.1019759999999996,1.968434,0.9635600000000001,2.260135,2.870075,2.540213,1.23176,0.849484,2.010431,-0.34627399999999997,2.916691,1.726318,-0.214002,0.984878,1.543668,2.342934,0.0033539999999999998,0.9146479999999999
194,0.2081,0.912292,0.347273,0.046959,0.57215,1.774977,1.015706,1.02817,-0.272428,0.55604,-0.453216,-0.462029,0.35886799999999996,-0.333042,0.346688,1.438701,0.783046,1.1409610000000001,0.594217,0.19559200000000002
433,1.3327959999999999,0.623736,1.307005,1.294382,0.38711999999999996,0.654944,0.88639,0.993606,0.479666,-0.20946700000000001,1.493953,1.295707,0.805385,1.398493,0.344354,0.8608030000000001,0.706785,1.0614780000000001,0.39807,0.272377
244,1.497524,0.979777,1.529432,1.422367,0.451169,0.975224,1.457641,1.030234,0.607449,-0.39659,0.429958,1.061657,0.5796520000000001,0.44163900000000006,1.189722,0.39356599999999997,0.24059699999999998,0.615401,0.159545,0.058287
489,0.727846,0.21184499999999998,0.6232479999999999,0.576531,-1.522249,-0.629587,-0.656742,-0.666752,0.125524,-1.353473,-0.569793,-1.177425,-0.540108,-0.38254499999999997,-1.4580520000000001,-0.615799,-0.585676,-1.054223,-0.112881,-0.7924
465,-0.25200300000000003,0.195555,-0.21003000000000002,-0.31850900000000004,-0.9621770000000001,0.34035,0.153179,-0.531076,-0.768957,0.215815,-0.44816300000000003,-0.731822,0.248971,-0.363624,-0.704022,2.296605,1.489953,0.305581,-0.639573,1.6408909999999999
483,-0.12135699999999999,-0.383884,-0.173371,-0.23830500000000002,0.223439,-0.469447,-0.5438729999999999,-0.44673,-0.29068299999999997,-0.271841,-0.584952,-0.491058,-0.644559,-0.43336899999999995,-1.2653780000000001,-0.96645,-0.49449399999999993,-0.41576599999999997,-0.931372,-0.858972
397,-0.37696999999999997,-0.425771,-0.367377,-0.416914,-1.132974,-0.291682,-0.18706,-0.20865100000000003,-0.867532,-0.750991,-0.14895999999999998,0.087354,-0.09804500000000001,-0.214892,-0.5400149999999999,0.5193180000000001,0.44948599999999994,0.331534,-0.22427399999999997,0.102921
52,-0.621222,-0.24425999999999998,-0.669713,-0.617993,-0.9785450000000001,-1.0770309999999998,-0.867289,-0.913859,0.20584499999999997,-0.240654,-0.6419779999999999,-1.059492,-0.666341,-0.503115,0.056343,-0.955607,-0.622812,-0.6157699999999999,-0.070504,-0.43873500000000004
147,0.233661,-0.120926,0.241826,0.098437,-1.066078,0.23422199999999999,0.021352,-0.343038,-0.24687199999999998,0.302288,0.060736,1.255792,0.200458,-0.019957,-0.41701000000000005,1.301771,0.700816,0.5634939999999999,1.576164,2.108031
27,1.273153,0.22348,1.241101,1.248876,-0.139504,0.042812,0.755818,0.732313,-0.418466,-0.8232889999999999,1.615944,1.146931,1.369225,1.170555,1.2363899999999999,0.097352,0.627208,1.186379,0.289099,0.159658
436,-0.357089,0.058258000000000004,-0.383029,-0.41435500000000003,-0.35584699999999997,-0.483471,-0.88926,-0.722725,0.180289,0.095318,-0.139576,-0.812016,-0.133193,-0.30443899999999996,-0.377008,-0.6627460000000001,-0.823213,-0.8587600000000001,0.204344,-0.535946
434,0.2081,-0.546779,0.120315,0.0535,-0.506718,-0.636788,-0.6947840000000001,-0.519727,-0.871183,-0.817619,-0.36948200000000003,-0.995265,-0.620798,-0.36120399999999997,-0.42834399999999995,-0.49340100000000003,-0.5730770000000001,-0.5701890000000001,-0.6093029999999999,-0.615379
190,0.026330000000000003,0.891349,0.098896,-0.12795399999999998,0.792763,2.595576,1.372267,0.445226,2.089732,1.789355,-0.430117,1.620475,-0.373282,-0.18959,0.309686,6.143482,2.808608,0.788966,3.7035129999999996,2.997678
407,-0.362769,0.484112,-0.384677,-0.399281,-1.483819,-0.401411,-0.34575500000000003,-0.780246,-0.845627,-0.234983,0.33972800000000003,1.0544,-0.155469,0.019865999999999998,-0.34334000000000003,1.07989,0.658375,0.261784,0.744354,1.488834
202,2.6023389999999997,1.717457,2.7569,2.929741,1.2624549999999999,1.972072,3.308243,2.9168060000000002,1.417958,-0.07195900000000001,0.53679,0.622586,0.8915209999999999,0.942177,0.762038,1.438142,1.9127049999999999,2.085021,0.146227,0.5295880000000001
455,-0.21224099999999999,2.65992,-0.231861,-0.27783800000000003,-0.278277,-0.570079,-0.760948,-0.419904,-1.59407,-0.373909,-0.232332,1.283007,-0.286652,-0.250975,-0.400009,-0.727578,-0.794367,-0.43279799999999996,-0.5935630000000001,-0.306347
452,-0.6041810000000001,2.08048,-0.626051,-0.604056,-0.853294,-0.755046,-0.605769,-0.760127,-0.717843,-0.24915900000000002,-0.77227,0.885666,-0.668321,-0.582541,0.097678,0.023019,-0.082353,-0.426634,-0.374411,0.19180999999999998
385,0.134256,0.930909,0.08242000000000001,0.027902999999999997,-0.678938,-0.719796,-0.061511,0.09778099999999999,-0.674032,-1.2244709999999999,0.037998000000000004,0.744147,0.023732,-0.161208,0.423691,-0.450366,0.066191,0.642977,-0.380465,-0.349468
188,-0.658144,-0.442061,-0.687837,-0.642736,0.308838,-0.923335,-0.8194540000000001,-0.861239,-0.341796,-0.7084630000000001,-0.791399,1.2866360000000001,-0.9183110000000001,-0.56912,0.263351,-0.933475,-0.5415770000000001,-0.901259,1.313423,-0.6834640000000001
159,-0.9165969999999999,-1.472952,-0.958868,-0.8193549999999999,-1.509439,-1.2728,-1.076078,-1.0918889999999999,-1.349457,-0.760915,-0.445276,-0.826349,-0.523772,-0.47957299999999997,-0.299672,-1.081135,-0.996658,-1.333386,-0.5051760000000001,-0.427388
32,0.82157,1.0914760000000001,0.858032,0.69513,1.660981,0.857725,1.919664,1.8411959999999998,1.593204,0.14493399999999998,0.7064229999999999,0.328662,0.56084,0.603791,0.409024,0.298554,0.614276,-0.109676,0.057839,0.022353
264,0.8698530000000001,0.6470060000000001,0.808603,0.777609,0.064029,-0.27273000000000003,0.022733,0.421754,0.202194,-0.991984,0.0546,-0.86826,-0.023296,0.11183299999999999,-0.849361,-0.749934,-0.378445,-0.311627,-1.102093,-0.8396819999999999
245,-1.0358829999999999,0.132725,-1.0400129999999999,-0.902118,0.75718,-0.845823,-0.508342,-0.469944,-0.272428,0.22715500000000002,-0.12008599999999998,2.5312759999999996,-0.172795,-0.376605,2.999795,-0.649332,-0.439122,-0.075612,1.7214580000000002,-0.088853
535,1.82414,0.365431,1.8877869999999999,1.8575139999999999,0.586383,1.3182459999999998,1.502839,2.148145,1.15144,-0.040772,1.059043,-0.411409,0.910827,1.043825,-0.821026,0.038109,0.270438,0.391552,-0.12862200000000001,-0.41831
430,0.21946,0.7540520000000001,0.41729700000000003,0.085638,0.22130500000000003,2.239288,2.316401,1.243034,0.837458,0.876418,-0.549221,-0.620421,0.296989,-0.355263,-0.025327000000000002,2.0484560000000003,1.570525,1.710316,-0.6722640000000001,0.752378
443,-1.0103209999999998,-0.225644,-1.035894,-0.8930170000000001,-1.063232,-1.131801,-0.8646520000000001,-0.975248,2.045921,-0.725474,-0.806197,2.404272,-0.786633,-0.5988220000000001,1.2263899999999999,-0.680072,-0.396681,-0.11129800000000001,-0.40831300000000004,0.263678
154,-0.277565,-0.91911,-0.274287,-0.329885,-0.179357,-0.366919,0.051861000000000004,-0.363415,0.037902,-0.103146,-0.484255,-0.76956,-0.5183260000000001,-0.38606599999999996,0.514361,-0.296669,-0.047206,-0.366616,0.865433,-0.11949100000000001
9,-0.47353500000000004,1.1054389999999998,-0.329482,-0.509063,1.582699,2.563358,1.7388720000000002,0.94176,0.797298,2.783096,-0.38825,0.693345,-0.40942,-0.360764,0.036008,2.609587,1.5098479999999999,0.409395,-0.32113600000000003,2.3773459999999997
63,-1.407089,-1.263516,-1.3497629999999998,-1.1205450000000001,-1.362838,-0.318972,-0.363081,-0.699511,1.932741,0.968562,0.016703,1.9016979999999999,-0.127747,-0.370004,0.565697,0.7769689999999999,0.37223,0.617023,2.58838,0.766752
329,0.605719,0.602792,0.639724,0.488932,1.433252,0.454059,1.143766,0.796798,0.20949600000000002,0.357575,0.597064,0.435708,0.046999,0.382454,1.173055,0.67525,0.8785379999999999,0.010359,2.382547,0.9048139999999999
536,0.040531,0.758706,0.07418200000000001,-0.07135599999999999,0.529451,0.209585,0.721919,0.321673,0.4176,-0.42210699999999995,-0.7307640000000001,1.15056,-0.480704,-0.47957299999999997,-0.309339,0.019665000000000002,0.48264300000000004,0.15634800000000001,-0.730382,-0.014715
65,0.185378,1.082168,0.223703,0.038142,1.483068,0.825508,0.475842,1.0671190000000002,0.516175,0.530523,-0.171337,0.11638399999999999,-0.20596199999999998,-0.11214400000000001,-0.11266400000000001,-0.132913,-0.289916,0.007115000000000001,-0.18673900000000002,-0.21594499999999997
438,-0.07875499999999999,0.07222100000000001,-0.13547599999999999,-0.17715699999999998,-0.677515,-0.777787,-0.946385,-0.6703640000000001,-0.9369,-0.8601469999999999,-0.22836199999999998,0.836678,-0.264871,-0.23557399999999998,-0.40167600000000003,-0.811971,-0.864792,-0.771654,-0.04871,-0.555615
269,-0.9705590000000001,0.25605900000000004,-0.9255040000000001,-0.881641,0.8425790000000001,0.46543,-0.054229,-0.522306,-0.524343,0.825384,-0.308126,0.493767,-0.314869,-0.43116899999999997,0.620366,1.250353,1.375893,0.917111,0.8157909999999999,1.443065
36,0.034851,0.565559,0.06841599999999999,-0.062255,0.13305899999999998,0.10345599999999999,0.5411279999999999,0.18212799999999998,0.267911,-0.21939,-0.430117,-0.35897399999999996,-0.10349100000000001,-0.339422,-0.387675,0.24993,0.53901,-0.030193,-0.031758999999999996,0.085899
98,-0.717787,-1.500877,-0.726143,-0.689095,-0.46473000000000003,-0.5513170000000001,-0.588066,-0.397721,-0.699589,0.42845500000000003,-0.626819,-1.229678,-0.688617,-0.5409579999999999,-0.296005,-0.680631,-0.49615200000000004,-0.796796,-0.488225,-0.470508
392,0.38702800000000004,0.158322,0.429654,0.255431,1.397669,0.9828049999999999,1.259272,1.088786,0.42855299999999996,0.658107,0.872808,0.20710100000000004,0.895481,0.58465,0.07601000000000001,0.212484,0.591066,0.745169,-0.24485700000000002,0.165332
69,-0.38265,-0.651497,-0.436576,-0.43341,0.138753,-0.9854959999999999,-0.6562399999999999,-0.52308,-0.809117,-0.8884989999999999,-0.60769,-0.623505,-0.690597,-0.48419300000000004,0.307019,-1.110309,-0.5319619999999999,-0.508387,0.24187899999999998,-0.71448
517,1.636691,0.225807,1.587098,1.590169,0.522334,0.505228,0.656634,1.170811,-0.035117,-0.130081,0.370767,-0.622598,0.39005500000000004,0.42601700000000003,-0.650686,-0.136825,-0.045548000000000005,-0.002618,-1.207431,-0.152777
92,-0.243483,-1.05408,-0.297765,-0.29348,-1.623304,-1.019419,-0.705455,-0.578795,-1.5539100000000001,-1.3633959999999998,0.001905,-0.115852,-0.081709,-0.087723,-0.853361,-0.843828,-0.607228,-0.158339,-1.1929020000000001,-0.8926370000000001
552,-0.38549,2.359728,-0.4374,-0.41805200000000003,-0.9678700000000001,-1.17501,-0.86415,-0.8751680000000001,-0.995315,-0.9111809999999999,-0.592892,0.272418,-0.687627,-0.474733,0.5980310000000001,-0.734843,-0.617175,-0.404087,-0.190372,-0.782566
505,-1.26423,-1.431064,-1.1471069999999999,-1.0875540000000001,2.073741,2.19949,0.376658,0.553561,0.8958729999999999,4.671344,-0.471984,0.31414699999999995,-0.5341670000000001,-0.49871400000000005,4.909873,1.307919,0.663017,0.438593,0.699555,2.906898
566,0.702284,2.0455740000000002,0.672676,0.5779529999999999,-0.840484,-0.03868,0.046588,0.105777,-0.809117,-0.8955870000000001,0.184892,-0.257371,0.27669299999999997,0.180698,-0.379342,0.661277,0.510827,0.612157,-0.891416,0.036726999999999996
163,-0.507616,0.681912,-0.49918500000000005,-0.5414859999999999,0.344421,-0.053841,-0.440671,-0.533913,-0.9515040000000001,0.6822060000000001,-0.397995,0.796763,-0.45100200000000007,-0.41334799999999994,1.433065,0.350531,-0.021344,-0.072368,-0.212166,0.587461
358,-1.490873,-0.8842040000000001,-1.451091,-1.177143,-0.955772,-0.5185310000000001,-0.522153,-0.6476649999999999,0.432204,0.483742,0.47976499999999994,-0.030577999999999998,0.698459,-0.223473,1.2963930000000001,0.196276,0.008166,0.5294300000000001,0.947766,0.143394
442,-0.098636,-0.814392,-0.14824500000000002,-0.196212,-0.582865,-0.704256,-0.982418,-1.0055049999999999,-1.484542,-0.612066,-0.17639000000000002,-1.330918,-0.312394,-0.24195500000000003,-0.203001,-0.777878,-0.800832,-0.995827,-1.001598,-0.465591
15,0.11721500000000001,1.9199119999999998,0.196105,0.011123000000000001,1.248222,1.045345,0.942887,0.637649,1.7940060000000002,1.130169,-0.126943,-0.333573,0.006406,-0.171329,-0.478012,0.9457549999999999,0.514474,-0.145362,-0.23880300000000002,0.6320939999999999
503,2.5455360000000002,0.125743,2.476807,2.921209,-0.20924600000000002,0.43889799999999995,0.98934,1.325317,-1.1194469999999999,-1.128074,3.197139,-0.855742,3.350833,3.077223,-0.42934399999999995,0.451691,0.260823,1.583793,0.177707,-0.339633
176,-1.199475,-0.286147,-1.1273360000000001,-1.002515,0.044814,0.474905,0.526062,-0.303315,-0.5206930000000001,2.6030599999999997,0.093579,1.894441,0.131649,-0.282878,1.9397520000000001,3.498789,2.911395,2.07691,2.210615,5.342837
327,-0.595661,-0.316399,-0.654061,-0.594102,-1.389881,-1.239824,-1.0954629999999999,-1.11758,-1.5685129999999998,-0.297358,-0.6196010000000001,-0.5572819999999999,-0.693072,-0.514116,-0.770691,-1.03905,-1.018243,-1.272557,-0.71222,-0.771596
1,1.829821,-0.353632,1.6859549999999999,1.908708,-0.8269620000000001,-0.487072,-0.023846,0.548144,0.001392,-0.8686520000000001,0.499255,-0.876244,0.263327,0.742402,-0.605351,-0.692926,-0.44078,0.260162,-0.80545,-0.099444
404,-0.507616,-1.009865,-0.563442,-0.528403,-0.678938,-1.1111440000000001,-0.850089,-0.732011,-0.8784850000000001,-0.810531,-0.078941,-0.560729,-0.130717,-0.224133,0.220349,-0.9494030000000001,-0.624138,-0.24268800000000001,1.108801,-0.8937719999999999
24,0.716485,0.486439,0.742699,0.710203,1.120124,0.7838149999999999,0.79976,1.103489,0.669515,0.071219,1.44956,-0.571797,1.2816049999999999,1.369891,-0.33100599999999997,-0.37212,-0.148667,-0.080478,-0.7097979999999999,-0.375945
139,-0.808671,-1.3728879999999999,-0.781338,-0.768161,1.426135,0.175472,-0.53295,-0.02474,-0.148296,-0.294523,-0.240994,0.228873,-0.5024850000000001,-0.30818,1.4097309999999998,0.531055,-0.332357,1.2739719999999999,-0.57419,-0.133486
101,-2.029648,-1.36358,-1.984504,-1.454443,1.4688350000000001,-0.543168,-1.114873,-1.2618200000000002,0.432204,2.180614,-0.6535270000000001,0.5282399999999999,-0.650005,-0.671142,1.049716,-0.8181189999999999,-1.057501,-1.9134470000000001,0.732247,0.11540299999999999
350,-0.700746,-0.5165270000000001,-0.752505,-0.665205,-1.476703,-1.289477,-1.010591,-0.962094,-0.5133909999999999,-0.777926,-0.186856,-0.987826,-0.317344,-0.31478,-0.152666,-1.0332379999999999,-0.86025,-0.892175,0.19586900000000002,-0.426253
90,0.13993599999999998,1.1007850000000001,0.107134,0.022215000000000002,-0.471135,-0.346452,-0.725418,-0.499092,-0.46227700000000005,-0.586549,-0.11936400000000001,-0.192055,-0.290612,-0.144707,-0.724356,-0.40789000000000003,-0.68581,-0.517471,0.037256,-0.341146
191,-0.38549,0.49341999999999997,-0.409803,-0.41947399999999996,-0.631257,-0.726429,-0.724162,-0.52308,-0.42941899999999994,0.010262,1.176342,0.963683,1.1147799999999999,0.29290700000000003,-0.8233600000000001,-0.42353900000000005,-0.33600399999999997,0.9365760000000001,1.596747,0.786799
383,-0.49341599999999997,-0.421117,-0.466645,-0.546037,0.557917,0.480591,-0.375134,-0.518953,-0.11908900000000001,0.436961,-0.521069,-0.623868,-0.370807,-0.465052,-0.10866400000000001,0.646746,0.519779,-0.20862399999999998,-0.261808,1.168455
11,0.469393,-0.325708,0.47908199999999995,0.358672,0.052641999999999994,0.47111499999999995,0.134849,0.44213100000000005,0.110921,-0.28034699999999996,0.363187,-0.420843,0.345502,0.304128,-0.423343,0.8457129999999999,-0.132088,0.16608,-0.055974,0.132046
314,-1.570681,-0.160486,-1.560245,-1.2334559999999999,0.785646,-0.869323,-1.114873,-1.2618200000000002,1.282873,1.529934,-0.24676900000000002,2.8306419999999997,-0.318829,-0.495634,4.569858999999999,-0.639831,-1.057501,-1.9134470000000001,4.954254,1.144247
352,3.2953339999999995,-0.425771,3.38711,3.8540739999999998,1.319387,2.500819,3.113641,3.672569,0.5271279999999999,-0.22505999999999998,2.128091,-0.6639649999999999,2.156324,2.480977,-0.224002,0.9474319999999999,0.356978,0.532674,0.339952,-0.155047
235,-0.027632,0.456187,-0.089755,-0.14644000000000001,-0.402816,-0.6612359999999999,-0.931319,-0.772766,-1.075636,-0.630495,-0.527927,0.5191680000000001,-0.593571,-0.401907,0.11601199999999999,-0.6510090000000001,-0.815388,-0.284862,-0.958009,-0.329042
305,-0.717787,1.210157,-0.7306739999999999,-0.676012,-1.538617,-0.8994559999999999,-0.867038,-0.9231450000000001,0.45045799999999997,-0.569538,-0.555717,1.032628,-0.448032,-0.486834,-0.306339,-0.117823,-0.528315,-0.778304,1.380017,-0.599114
375,0.580158,-0.7492340000000001,0.590295,0.38000300000000004,0.173624,0.747807,-0.279842,0.13028199999999998,0.6512600000000001,0.414279,-0.8325440000000001,-1.320576,-0.750991,-0.559439,-0.843694,-0.411243,-0.41060699999999994,0.02658,-0.145573,-0.037411
215,-0.075915,-0.5491060000000001,-0.041562,-0.216121,0.44405200000000006,0.897523,0.128195,0.183159,1.07477,0.901935,-0.537311,-0.041464,-0.46189300000000005,-0.388266,-0.36034099999999997,0.497521,0.238607,0.414261,-0.139519,0.28939899999999996
466,-0.280405,0.337507,-0.246689,-0.335573,-0.68392,0.0864,0.247342,-0.356451,-0.911343,-0.368238,-0.324728,-0.777362,-0.274276,-0.284638,0.084677,0.352767,0.472696,0.12066199999999999,-0.597195,-0.21367600000000003
